rank,uri,artist_names,track_name,source,peak_rank,previous_rank,weeks_on_chart,streams
1,"spotify:track:6Kijtp0DB6VwcoJIw7PJ9W","Kabza De Small, Mthunzi, DJ Maphorisa, Young Stunna, Sizwe Alakine, Umthakathi Kush","Imithandazo (feat. Young Stunna, DJ Maphorisa, Sizwe Alakine & Umthakathi Kush)","Piano Hub",1,1,14,"839999"
2,"spotify:track:5CD3ImPPdCW8QFQkjo5TXt","Shakes & Les, DBN Gogo, Zee Nxumalo, Ceeka RSA, Chley","Funk 55 (feat. Ceeka RSA, Chley)","Kreativekornerr",2,2,9,"459266"
3,"spotify:track:4tsVMjM60RNTe9EV5oQ4sQ","DJ Stokie, Eemoh","Masithokoze","Universal Music (Pty) Ltd.",3,3,15,"442832"
4,"spotify:track:0UBK6HcgmmWUQzFQTncmDz","Wanitwa Mos, Nkosazana Daughter, Master KG, Dalom Kids","Keneilwe (feat. Dalom Kids)","Wanitwa Mos Entertainment",2,4,11,"407510"
5,"spotify:track:3pImmSzeKex5ffzsDoaL3z","Bassie, Aymos, T-Man SA","Izenzo","Djs Production Pty Ltd",5,5,23,"372388"
6,"spotify:track:5yyYL1FpimADTIftYQU0cg","Dlala Thukzin, Zaba, Sykes","iPlan","Dlala Records (PTY) Ltd",1,6,20,"330955"
7,"spotify:track:7JbLSEDlRdoJaXk5ddZae2","Mthandeni SK, Lwah Ndlunkulu","Paris","Mthandeni Music Production",4,7,25,"313720"
8,"spotify:track:2pqIaYg12ziqIpVtdVESGt","Kelvin Momo, Babalwa M, Nia Pearl, Stixx","Amalobolo (feat. Stixx, Nia Pearl)","Kelvin Momo Productions",8,9,8,"290872"
9,"spotify:track:1eOOCRtXcPwK8qG8VjtczJ","Harrycane, Master KG, Eemoh, DJ Latimmy","Dubula (feat. DJ Latimmy) - Remake","Wanitwa Mos Entertainment",3,8,13,"273196"
10,"spotify:track:6tNQ70jh4OwmPGpYy6R2o9","Benson Boone","Beautiful Things","Night Street Records, Inc./Warner Records Inc.",10,12,2,"258589"
11,"spotify:track:5TY9ovYtBeJTY9s7K3ijEd","Ugatsheni","Hit after Hit","Kuhleliwe Mmema Holdings",11,18,5,"247128"
12,"spotify:track:1ng4byy7mejezJ08hs4P7R","Sam Deep, Njelic, Aymos","Isgubhu","Universal Music (Pty) Ltd.",6,11,22,"240685"
13,"spotify:track:4xhsWYTOGcal8zt0J161CU","Jack Harlow","Lovin On Me","Generation Now/Atlantic",10,10,12,"230959"
14,"spotify:track:0WIv5qV41y6YjjB9V1biuC","Muni Long","Made For Me","Supergiant Records, LLC / Def Jam Recordings",14,82,2,"215871"
15,"spotify:track:52eIcoLUM25zbQupAZYoFh","21 Savage","redrum","Slaughter Gang, LLC/Epic Records",12,13,3,"205188"
16,"spotify:track:4URabg9AGHasjFEVdTbWcC","Kamo Mphela, Tyler ICU, Khalil Harrison, Baby S.O.N","Dalie (feat. Baby S.O.N)","KAMO MPHELA ENTERTAINMENT",3,14,15,"204099"
17,"spotify:track:3oPYVnm0LsmAQ4RobrRS29","Mellow & Sleazy, SjavasDaDeejay, TitoM, Tman Xpress","Imnandi lento (feat. Tman Xpress)","Sound African Recordings",1,15,24,"198892"
18,"spotify:track:4J1H4EuucGhhYfcPpYCBRr","DJ Stokie, Zee_nhle, Omit ST, Sobzeen","Awukhuzeki","Universal Music (Pty) Ltd.",1,17,33,"198685"
19,"spotify:track:38yfPQYoGWFJtn3NLBqTB0","Daliwonga, Nkosazana Daughter, Happy Jazzman","Seduce Me (feat. Nkosazana Daughter & Happy JazzMan)","New Money Gang Records",19,31,14,"197134"
20,"spotify:track:5aIVCx5tnk0ntmdiinnYvw","Tyla","Water","FAX Records/Epic",4,16,22,"181815"
21,"spotify:track:3XqM8hLCEYlbnFjoWwqtFv","Chris Brown","Angel Numbers / Ten Toes","Chris Brown Entertainment/RCA Records",15,19,12,"173411"
22,"spotify:track:6OGNF7mro80pMi5q1HhylS","Khalil Harrison, Tyler ICU, LeeMcKrazy, Ceeka RSA","Jealousy (feat. Leemckrazy & Ceeka RSA)","Baby Blue Entertainment",22,55,8,"160142"
23,"spotify:track:2Oe52Ggx8lxxI55azZbr5h","Kabza De Small, Mthunzi, MaWhoo","Amazwe (feat. Mawhoo)","Piano Hub",23,26,14,"155774"
24,"spotify:track:4nFrcGM7MY1mpoQCC7Kefj","Tems","Me & U","RCA Records/Since 93'",22,25,17,"153440"
25,"spotify:track:710qLZ4WOxBj7ZaVbVJtkh","Kelvin Momo, Babalwa M, Azana, Stixx","Maye Maye (feat. Azana, Stixx)","Kelvin Momo Productions",17,30,9,"153274"
26,"spotify:track:4xQgivVLGFlB0tctjpR2SU","Lwah Ndlunkulu","Eyami","Nkabi Records",15,22,26,"150604"
27,"spotify:track:3LfXImvXHkHzz0qqdFAol4","DJ Kent, Thakzin, Brenden Praise, Mo-T, MÖRDA","Horns In The Sun (feat. Mo-T, Brenden Praise & Mörda) [Thakzin Remix]","Spinnin' Deep",17,23,16,"148881"
28,"spotify:track:0OBkFew4sntJl9PaJp0TOA","Nandipha808, Ceeka RSA, DEMOLA","Forgive Our Trespasses (feat. Demola, Ceeka RSA)","Stena Academy",28,49,5,"145468"
29,"spotify:track:6uTPdRrEDeH8Fyg5L5qmeU","Flo Milli","Never Lose Me","'94 Sounds/RCA Records",29,32,4,"144813"
30,"spotify:track:6NC6bUY7tAIgr5xvzzZnBR","DJ Tshegu, Focalistic, Sims Noreng","Tiya Mfana (Mzokwana) [feat. Sims Noreng]","18 Area Holdings",11,20,14,"143410"
31,"spotify:track:597LY7HnUeb9n6EUFUF8uc","Felo Le Tee, Focalistic, Massive95k, Dj Motee, L4desh, Turnupkiid","Ka Lekeke (feat. Dj Motee, L4desh & Turnupkiid)","New Money Gang Records",31,-1,1,"142976"
32,"spotify:track:7CyPwkp0oE8Ro9Dd5CUDjW","The Weeknd, JENNIE, Lily-Rose Depp","One Of The Girls (with JENNIE, Lily Rose Depp)","XO / Republic Records",32,36,12,"142414"
33,"spotify:track:6WzRpISELf3YglGAh7TXcG","The Weeknd, Playboi Carti, Madonna","Popular (with Playboi Carti & Madonna) - From The Idol Vol. 1 (Music from the HBO Original Series)","XO / Republic Records",33,37,32,"140924"
34,"spotify:track:5tpft20jhQvRlG3O7XfwWy","Tyler ICU, Tumelo_za, DJ Maphorisa, Nandipha808, Ceeka RSA, Tyrone Dee","Mnike (feat. DJ Maphorisa, Nandipha808, Ceeka RSA & Tyron Dee)","New Money Gang Records",1,24,40,"139148"
35,"spotify:track:4i2Dz0USzHqcOTrP0y79V9","Oscar Mbo, KG Smallz, Thakzin, Dearson, Mhaw Keys, MÖRDA","Yes God (feat. Dearson, Mörda & Mhaw keys)","The Ashmed Hour Records",17,29,26,"139089"
36,"spotify:track:5PyDJG7SQRgWXefgexqIge","Doja Cat","Agora Hills","Kemosabe Records/RCA Records",20,28,19,"138795"
37,"spotify:track:0mflMxspEfB0VbI1kyLiAv","Noah Kahan","Stick Season","Mercury Records/Republic Records",37,40,9,"138060"
38,"spotify:track:3rUGC1vUpkDG9CZFHMur1t","Tate McRae","greedy","RCA Records Label",27,27,20,"136539"
39,"spotify:track:4P62OAoBti8I0OusyVFQJc","Ggoldie, Chley, Ceeka RSA, T.M.A_Rsa, RIVALZ","Asambe","2023 HGA/LVRN Records (Love Renaissance)",27,34,6,"135558"
40,"spotify:track:4iZ4pt7kvcaH6Yo8UoZ4s2","SZA","Snooze","Top Dawg Entertainment/RCA Records",12,35,60,"131810"
41,"spotify:track:0JXXNGljqupsJaZsgSbMZV","Miguel","Sure Thing","Jive",13,43,161,"130263"
42,"spotify:track:1g7hu7KMV5woMx6xfi1C6p","YANII, Mxolisi Khumalo","Ngibambeni","Yanii Entertainment",21,33,10,"127770"
43,"spotify:track:6x9pCndnXEoea0CMcfjs9W","21 Savage, Doja Cat","n.h.i.e.","Slaughter Gang, LLC/Epic Records",13,21,3,"127039"
44,"spotify:track:1djewwWkOaJGFtPaQc2MU6","Sam Deep, Eemoh, Da Muziqal Chef","iMpumelelo","Universal Music (Pty) Ltd.",8,45,47,"122720"
45,"spotify:track:3BraTCQg9APnWRC7HQZyOJ","Wanitwa Mos, Nkosazana Daughter, Master KG, Casswell P","Makhelwane (feat. Casswell P)","Wanitwa Mos Entertainment",36,53,11,"122667"
46,"spotify:track:5jsO87ShnH2lEXhIfjMAUj","Mzukulu, Shenge wasehlalankosi","Ijuba","BAQAZILE ENTERTAINMENT",46,54,8,"121545"
47,"spotify:track:5jPckUbvd78IYYd1bEJSwJ","Khuthuza, MAFIKIZOLO","NGIJOLA NEBHINCA","5932550 Records DK",43,44,13,"119753"
48,"spotify:track:6lrKA1DMAihPI490Oj0twC","MaWhoo, Deep Sen, KingTalkzin, Mthunzi","Ngilimele (feat. Deep Sen, KingTalkzin, Mthunzi)","MaWhoo Entertainment",28,48,20,"119637"
49,"spotify:track:7aqfrAY2p9BUSiupwk3svU","Drake, J. Cole","First Person Shooter (feat. J. Cole)","OVO/Republic",3,42,17,"115310"
50,"spotify:track:4iuNZTcvT9diFySSzVsnVS","Fantasia","When I See U","J Records",39,59,195,"114993"
51,"spotify:track:1whAXVGN8AdfrnoXNIXfJf","Tyla","Truth or Dare","FAX Records/Epic",35,46,9,"114699"
52,"spotify:track:4rXLjWdF2ZZpXCVTfWcshS","Gunna","fukumean","300 Entertainment",5,41,33,"114495"
53,"spotify:track:79AHPJd8upvNxyK2qQcY8J","Megan Thee Stallion","HISS","Hot Girl Productions",53,-1,1,"113715"
54,"spotify:track:2xjZHjB3Vi6x8MlRQqL1AT","Eloff","Vlerke","Select",51,57,9,"113567"
55,"spotify:track:7Gc7tNSocAypLct0MYYzmk","Felo Le Tee, LeeMcKrazy, Keynote","Yini Ngathi (Insane)","New Money Gang Records",10,38,16,"112545"
56,"spotify:track:03CvGhnHgFpcm5O2bSrGL7","Lwah Ndlunkulu, DR BUSELAPHI","Maye","Nkabi Records",56,58,9,"106138"
57,"spotify:track:1a73gcEg6h6Re6hHXoVltJ","Nicki Minaj","FTCU","Republic Records",38,47,8,"104615"
58,"spotify:track:06QKSv9bjUYLEUdRpuaGeQ","Nandipha808, Ceeka RSA, LeeMcKrazy, Philharmonic","Banike (feat. Philharmonic, LeeMcKrazy)","Stena Academy",22,63,14,"104341"
59,"spotify:track:7ATU7xI4ffZgPGm3QCKX4K","Lwah Ndlunkulu","Ngiyeza","Nkabi Records",8,60,54,"104244"
60,"spotify:track:5l4S6LVL1AQfZC01pypXl6","Megadrumz, Lady Du","Tjina","Open Mic Productions",9,51,20,"104157"
61,"spotify:track:3xKsf9qdS1CyvXSMEid6g8","Frank Ocean","Pink + White","Boys Don't Cry",61,68,63,"102606"
62,"spotify:track:09zHC0CNGuWQ1ot7WhzwKJ","Fezeka Dlamini, Nomfundo Moh, Naledi","Uyangijabulisa","Sginci Media",12,50,24,"101846"
63,"spotify:track:0XSYoJ0MJpMB2tddyRcBEC","De Mthuda, Da Muziqal Chef, Eemoh","Sgudi Snyc","Universal Music (Pty) Ltd.",2,76,37,"101373"
64,"spotify:track:17phhZDn6oGtzMe56NuWvj","Teddy Swims","Lose Control","Warner Records",64,77,4,"101218"
65,"spotify:track:1NQCinyxiglxekxXVPEhnC","Uncle Waffles, Ice Beats Slide, Sbuda Maleather","Peacock Revisit (feat. Ice Beats Slide & Sbuda Maleather)","Encore Recordings",3,56,25,"99856"
66,"spotify:track:4pEAeKopzeGr3YCMaVVWwS","Xduppy, Young Stunna, Thuto The Human, DJ Maphorisa","Monday Boys Holiday (feat. DJ Maphorisa)","Kgaday",64,78,6,"99846"
67,"spotify:track:587Ks4sb6Wd2qRVS5i9fdW","Nicki Minaj","Big Foot","Republic Records",67,-1,1,"99743"
68,"spotify:track:7wcjeveluiW5djtxLCxNSx","Spirit Of Praise, Mpumi Mtsweni","Thath'Indawo (Live)","Spirit Music",23,62,49,"99352"
69,"spotify:track:2fOazsCfbGoDQqwxIJLUzG","Naledi Aphiwe","Ngiyabonga","Naledi Aphiwe",69,-1,1,"99290"
70,"spotify:track:4XQNZPkMyo1LxR3NYbVegt","Maverick Muji, Nonny","Ngimtholile","Muji Records",29,69,16,"99204"
71,"spotify:track:2FDTHlrBguDzQkp7PVj16Q","Dave, Central Cee","Sprinter","Neighbourhood / Live Yours",4,65,35,"99191"
72,"spotify:track:68Dni7IE4VyPkTOH9mRWHr","J. Cole","No Role Modelz","Roc Nation Records LLC",39,67,172,"98442"
73,"spotify:track:3s2qeMcvlTLdhkXy5VIUBA","Pcee, Officixl Rsa","Gabriella (feat. Officixl RSA)","Sound African Recordings",39,71,7,"98367"
74,"spotify:track:4EI8VuxUuIHKfafU72emqz","Mariah Carey","We Belong Together","Def Jam Recordings",51,73,100,"96724"
75,"spotify:track:2yUzr8Sr6ldG8vmHhZwTnz","21 Savage, Travis Scott, Metro Boomin","née-nah","Slaughter Gang, LLC/Epic Records",17,39,3,"95474"
76,"spotify:track:5wttBUDyaHAR5q9fYnN3YF","21 Savage, Summer Walker","prove it","Slaughter Gang, LLC/Epic Records",31,64,3,"94860"
77,"spotify:track:7GaFYUqP2WdR4KTPk7cXoP","Mario","Let Me Love You","J Records",63,81,269,"93960"
78,"spotify:track:56y1jOTK0XSvJzVv9vHQBK","Doja Cat","Paint The Town Red","Kemosabe Records/RCA Records",10,72,26,"93803"
79,"spotify:track:0JGdktTFMHlfUdSZcbTOXC","Lwah Ndlunkulu","Ngyathandaza","Nkabi Records",79,90,10,"92845"
80,"spotify:track:6MJ2zbeyqzQteAB9rEc9VX","Lwah Ndlunkulu, Siya Ntuli","Ithuba","Nkabi Records",33,92,76,"92420"
81,"spotify:track:7gaA3wERFkFkgivjwbSvkG","Ariana Grande","yes, and?","Republic Records",20,52,3,"92382"
82,"spotify:track:3pXF1nA74528Edde4of9CC","Bryson Tiller","Don't","TrapSoul/RCA Records",55,79,109,"92081"
83,"spotify:track:6wf7Yu7cxBSPrRlWeSeK0Q","Billie Eilish","What Was I Made For? [From The Motion Picture ""Barbie""]","Darkroom/Interscope Records",17,70,29,"91559"
84,"spotify:track:0u2P5u6lvoDfwTYjAADbn4","Billie Eilish, Khalid","lovely (with Khalid)","Darkroom",22,86,301,"91371"
85,"spotify:track:1rtMuIY76v879DN8kW1fhf","Kelvin Momo, Babalwa M, Sfarzo Rtee","Sukakude (feat. Sfarzo Rtee)","Kelvin Momo Productions",7,87,60,"91243"
86,"spotify:track:3c6afiysmB7OnxQzzSqRfD","Tamia","So Into You","Rhino/Warner Records",85,85,35,"91191"
87,"spotify:track:3h5TiWTqGxjSjFrbruPFH9","YG Marley","Praise Jah In The Moonlight","YG Marley Music",87,-1,1,"90772"
88,"spotify:track:1bmZLmDu9jkzwHInzPsYLD","Inkabi Zezwe, Sjava, Big Zulu","Umbayimbayi","Warner Music Africa",1,94,45,"90362"
89,"spotify:track:6bFD28m0wxDX6CpzTKKCnT","Dj Jaivane, LeeMcKrazy, Skandisoul","Ulala Kanjani (feat. LeeMckrazy & Skandisoul)","Ziiki Media",17,99,28,"90330"
90,"spotify:track:43PuMrRfbyyuz4QpZ3oAwN","Bryson Tiller","Exchange","TrapSoul/RCA Records",58,83,104,"89448"
91,"spotify:track:1CrwpdodnkXcjPSrg8kw9g","Mas Musiq, Daliwonga, DJ Maphorisa, Kabza De Small","Gangnam Style (feat. DJ Maphorisa & Kabza De Small)","New Money Gang Records",2,109,43,"89325"
92,"spotify:track:1zi7xx7UVEFkmKfv06H8x0","Drake, Wizkid, Kyla","One Dance","Cash Money Records/Young Money Ent./Universal Rec.",78,104,142,"89011"
93,"spotify:track:3hRV0jL3vUpRrcy398teAU","Lord Huron","The Night We Met","Play It Again Sam",86,107,37,"88832"
94,"spotify:track:7qEHsqek33rTcFNT9PFqLf","Lewis Capaldi","Someone You Loved","Vertigo Berlin",7,75,264,"88475"
95,"spotify:track:7DfFc7a6Rwfi3YQMRbDMau","Frank Ocean","Thinkin Bout You","Red Zone Entertainment / IDJ",95,110,11,"88404"
96,"spotify:track:44G2gUVQvNNZ6w3i05tR4n","Chris Brown, Davido, Lojay","Sensational (feat. Davido & Lojay)","Chris Brown Entertainment/RCA Records",26,93,15,"88028"
97,"spotify:track:1BxfuPKGuaTgP7aM0Bbdwr","Taylor Swift","Cruel Summer","Taylor Swift",26,80,34,"87919"
98,"spotify:track:4w2Furap0ZzaiK4J14E9sR","Ice Spice","Think U The Shit (Fart)","10K Projects/Capitol Records",98,-1,1,"87494"
99,"spotify:track:5mjYQaktjmjcMKcUIcqz4s","Kenya Grace","Strangers","Warner Records/Major Recordings",29,84,22,"87454"
100,"spotify:track:7yq4Qj7cqayVTp3FF9CWbm","Vance Joy","Riptide","F-Stop Records/Atlantic",72,98,48,"86787"
101,"spotify:track:7ko9EAsZ2N1ZpEBlMUkR3J","Kabza De Small, DJ Maphorisa, Njelic, Young Stunna, Nkosazana Daughter, Xolani Guitar","Nana Thula (feat. Njelic, Young Stunna, Nkosazana Daughter & Xolani Guitar)","Piano Hub",6,61,37,"86657"
102,"spotify:track:5hJFhO9dvhJoDvUZZ9iWSw","Miguel","Adorn","ByStorm Entertainment/RCA Records",59,101,72,"84163"
103,"spotify:track:5R9zmvswQj0SRJ1XM0yTzU","Killorbeezbeatz","Ngilele E Hotel","Killorbeez Records",6,74,22,"83816"
104,"spotify:track:4dk2L1zuiTfTLMLTQdyceb","Priddy Ugly, Maglera Doe Boy, MashBeatz","Ntja'ka","STAY LOW",104,-1,2,"83520"
105,"spotify:track:3zSm2FYUjpc9egsTA0bJ16","Die Piesangskille","Inge 2","Universal Music (Pty) Ltd.",55,100,24,"83176"
106,"spotify:track:59nOXPmaKlBfGMDeOVGrIK","Future, Drake, Tems","WAIT FOR U (feat. Drake & Tems)","Epic/Freebandz",1,105,92,"83019"
107,"spotify:track:5UqFcsRHW5It2HD3f2yoJD","Riaan Benadé","Boksemdais","Warner Music Africa",73,91,16,"82642"
108,"spotify:track:2YSzYUF3jWqb9YP9VXmpjE","Drake, Yeat","IDGAF (feat. Yeat)","OVO/Republic",5,95,17,"82538"
109,"spotify:track:5jOBkF36FUThJIHEJ3Zac5","Bandros, ZANI, Zee Nxumalo","Nguwe","Jive Hub Productions Pty (Ltd)",109,162,3,"82432"
110,"spotify:track:7wyxymLTOjYzcMfqd9jTDV","Mellow & Sleazy, Focalistic, Makhekhe Jr","Wang Compromisa (feat. Focalistic & Makhekhe Jr)","Sound African Recordings",29,106,7,"82308"
111,"spotify:track:1yeB8MUNeLo9Ek1UEpsyz6","Drake, Sexyy Red, SZA","Rich Baby Daddy (feat. Sexyy Red & SZA)","OVO/Republic",34,102,13,"82114"
112,"spotify:track:2ee1Pa7Gs7lIGRXrl217IG","DJ Lag, Mr Nation Thingz, K.C Driller","Hade Boss","Black Major x Ice Drop",112,-1,1,"81874"
113,"spotify:track:6V5k8CKadngx40RMhx5lPj","De Mthuda, Kabza De Small, Da Muziqal Chef, Sino Msolo, Murumba Pitch","Muntu Wam","Universal Music (Pty) Ltd.",103,127,8,"81585"
114,"spotify:track:3vkCueOmm7xQDoJ17W1Pm3","Mitski","My Love Mine All Mine","Dead Oceans",76,103,17,"81552"
115,"spotify:track:6fAQNPY3jkRAKs75NqvdLS","Kabza De Small, Mthunzi, Young Stunna","Impumelelo (feat. Young Stunna)","Piano Hub",61,111,14,"81107"
116,"spotify:track:1PRL5i4psRnhOutaezVAzd","Dodo Nyoka","Country Girl Van Bloem","Warner Music Africa",89,96,7,"80707"
117,"spotify:track:5IgjP7X4th6nMNDh4akUHb","Chris Brown","Under The Influence","Chris Brown Entertainment/RCA Records",2,118,98,"80705"
118,"spotify:track:5cRR74BWupFPw8n5BlG1YF","Kelvin Momo, Stixx, Mzizi","Wa Nsiya (feat. Mzizi)","Kelvin Momo Productions",23,88,8,"80093"
119,"spotify:track:1y5eHXBYiLgNv00KoHXm4o","Soa Mattrix, Mashudu, Happy Jazzman, Emotionz DJ","Mina Nawe","Soa Music Group",1,132,68,"79521"
120,"spotify:track:5L8SXJHxQBLCt4i6ohuPee","Deejaykgosi, Baby Momo, Lington, Phemelo Saxer, Zee_nhle, iam.psalm","Ngizwile (feat. Lington, Zee_nhle, iam.psalm, Phemelo Saxer)","Wanitwa Mos Entertainment",23,114,28,"79256"
121,"spotify:track:5fEB6ZmVkg63GZg9qO86jh","PARTYNEXTDOOR","Break from Toronto","OVO Sound",88,117,57,"78883"
122,"spotify:track:1odExI7RdWc4BT515LTAwj","David Kushner","Daylight","Miserable Music Group, LLC",18,121,42,"78699"
123,"spotify:track:480PlMmJsQaL821M8xBNxj","Pushkin RSA, AMAQHAWE, Philharmonic","ZULU (feat. AMAQHAWE, Philharmonic)","Vatic Space",26,120,16,"77056"
124,"spotify:track:7662sEny6elrNILSP7OzQB","Soa Mattrix, Sir Trill, B33Kay SA, Cnethemba Gonelo, Frank Mabeat, Tribal Soul","Athandwe","Soa Music Group",29,-1,21,"76141"
125,"spotify:track:3Pbp7cUCx4d3OAkZSCoNvn","Michael Marcagi","Scared To Start","Warner Records",125,-1,1,"76093"
126,"spotify:track:5tYYSy2aQeIUREDj7Aur8l","Kelvin Momo, Sjava","Uthando","Kelvin Momo Productions",11,97,8,"75857"
127,"spotify:track:43zdsphuZLzwA9k4DJhU0I","Billie Eilish","when the party's over","Darkroom/Interscope Records",11,135,151,"75715"
128,"spotify:track:4EWCNWgDS8707fNSZ1oaA5","Kanye West","Heartless","Roc-A-Fella",115,130,19,"75707"
129,"spotify:track:1RMJOxR6GRPsBHL8qeC2ux","Daniel Caesar, H.E.R.","Best Part (feat. H.E.R.)","Golden Child Recordings",83,141,222,"75684"
130,"spotify:track:6wsqVwoiVH2kde4k4KKAFU","Travis Scott","I KNOW ?","Cactus Jack/Epic",11,123,26,"75420"
131,"spotify:track:05A1KzxTLvShctiD0Bsydd","Inkabi Zezwe, Sjava, Big Zulu","Sayona","Warner Music Africa",51,133,37,"75217"
132,"spotify:track:7kCvZYf9IEtJLlGctDBUAw","Mshinwemali, Zothando","Ngicel Uhambe","Insika Yethonga",128,128,3,"75071"
133,"spotify:track:1s7oOCT8vauUh01PbJD6ps","Rema, Selena Gomez","Calm Down (with Selena Gomez)","Mavin Records / Jonzing World",7,112,75,"74732"
134,"spotify:track:42VsgItocQwOQC3XWZ8JNA","Travis Scott, Playboi Carti","FE!N (feat. Playboi Carti)","Cactus Jack/Epic",5,119,18,"74511"
135,"spotify:track:4uUG5RXrOk84mYEfFvj3cK","David Guetta, Bebe Rexha","I'm Good (Blue)","Parlophone UK",8,116,75,"74372"
136,"spotify:track:3JyEmaZmPsuIvFivnwN22k","Glenn Jones","All for You","Jive",123,134,44,"73666"
137,"spotify:track:7aZDcmt34eouhqw29aMR91","David Kushner","Skin and Bones","Miserable Music Group, LLC",66,66,2,"73618"
138,"spotify:track:2ktg2oZDyFAX3iY1QNkXl5","Summer Walker","Session 32","LVRN Records",87,160,61,"72599"
139,"spotify:track:1KDT0dCJbLdJGFb47430tk","Kabza De Small, Mthunzi, MaWhoo","Bonga (feat. Mawhoo)","Piano Hub",139,158,10,"72571"
140,"spotify:track:1udwFobQ1JoOdWPQrp2b6u","JID, 21 Savage, Baby Tate","Surround Sound (feat. 21 Savage & Baby Tate)","Dreamville/Interscope",55,115,13,"72553"
141,"spotify:track:7MXVkk9YMctZqd1Srtv4MB","The Weeknd, Daft Punk","Starboy","Universal Republic Records",80,139,94,"71512"
142,"spotify:track:4OzS0O0i88cGeu8YklCHrT","Fridayy","When It Comes To You","FRIDAYY PS/ Def Jam",142,157,3,"70640"
143,"spotify:track:4tKGFmENO69tZR9ahgZu48","Sophie Ellis-Bextor","Murder On The Dancefloor","Polydor Records",136,136,2,"70602"
144,"spotify:track:2FoahzOSxJnalPA8aBUme3","21 Savage","all of me","Slaughter Gang, LLC/Epic Records",19,89,3,"69856"
145,"spotify:track:0ehYWFeYfsH3S4dSuPj1zL","LIMIT NALA","Mawalawala","LIMIT NALA MUSIC",63,113,10,"69376"
146,"spotify:track:1xs8bOvm3IzEYmcLJVOc34","Ayra Starr","Rush","Mavin Records",7,140,70,"69369"
147,"spotify:track:4Dvkj6JhhA12EX05fT7y2e","Harry Styles","As It Was","Columbia",1,129,96,"69280"
148,"spotify:track:1eUGmzzvahJjOSWgDHuRlv","Miguel","Girl With The Tattoo Enter.lewd","Jive",121,152,26,"69155"
149,"spotify:track:4fYte8ZvTK14NEhAOZocBi","OneRepublic","I Ain't Worried","Mosley Music/Interscope Records",11,125,85,"69079"
150,"spotify:track:6F70m9aMK4PSJKBfp1H8DZ","Kabza De Small, DJ Maphorisa, Ami Faku","Asibe Happy","Piano Hub",1,-1,86,"68964"
151,"spotify:track:2LBqCSwhJGcFQeTHMVGwy3","The Weeknd","Die For You","Universal Republic Records",35,171,88,"68471"
152,"spotify:track:1Qrg8KqiBpW07V7PNxwwwL","SZA","Kill Bill","Top Dawg Entertainment/RCA Records",5,149,60,"68465"
153,"spotify:track:5uCax9HTNlzGybIStD3vDh","James Arthur","Say You Won't Let Go","Columbia",85,151,294,"68455"
154,"spotify:track:5NijSs5dAwaIybq1GaRTIe","Brent Faiyaz","Poison","Lost Kids",154,161,6,"67978"
155,"spotify:track:561jH07mF1jHuk7KlaeF0s","Eminem","Mockingbird","Aftermath",52,153,67,"67778"
156,"spotify:track:5uCxT0vTqqJSgjUgZCBSmJ","LIMIT NALA","Fusegi Ngempela Manje!","LIMIT NALA MUSIC",140,170,9,"67637"
157,"spotify:track:2J6OF7CkpdQGSfm1wdclqn","Brent Faiyaz","Clouded","Lost Kids",63,143,51,"67467"
158,"spotify:track:2mzM4Y0Rnx2BDZqRnhQ5Q6","Tems","Free Mind","Leading Vibe Ltd",68,185,90,"66950"
159,"spotify:track:64tRSmtHGKaCuoO1BljWKk","Bernice West, Bok Van Blerk","Die Afrikaner Maak So","Universal Music (Pty) Ltd. Distribution Deals",159,-1,1,"66927"
160,"spotify:track:2HbKqm4o0w5wEeEFXm2sD4","Kendrick Lamar, Jay Rock","Money Trees","Aftermath",49,147,92,"66851"
161,"spotify:track:2e3Ea0o24lReQFR4FA7yXH","J. Cole","Love Yourz","Roc Nation Records LLC",93,165,47,"66337"
162,"spotify:track:33PDDaCzc8AM8J5EKjO7v2","Young Stunna, Kabza De Small, Deeper Phil, Mfundo Da DJ","uNonkosi (feat. Deeper Phil & Mfundo Da DJ)","Piano Hub",13,-1,23,"66316"
163,"spotify:track:7DSAEUvxU8FajXtRloy8M0","Miley Cyrus","Flowers","Columbia",1,137,55,"66279"
164,"spotify:track:0VjIjW4GlUZAMYd2vXMi3b","The Weeknd","Blinding Lights","Republic Records",1,156,210,"66073"
165,"spotify:track:5Yx3xbh3ob1TzcSkTZRYjT","Tebza De DJ, DJ Nomza The King","Ka Valungu","Music Band Production / EMPIRE",5,146,28,"66036"
166,"spotify:track:0QosomGFiJYOxj2ViZfqng","Justin Timberlake","Selfish","RCA Records Label",166,-1,1,"65720"
167,"spotify:track:0WkfQ4SJqsKrixNQNYSMsq","Josh Levi","BIRTHDAY DANCE","Atlantic Records / Raedio",126,144,6,"65717"
168,"spotify:track:5XeFesFbtLpXzIVDNQP22n","Arctic Monkeys","I Wanna Be Yours","Domino Recording Co",153,193,21,"65581"
169,"spotify:track:7zFXmv6vqI4qOt4yGf3jYZ","Daniel Caesar, Kali Uchis","Get You (feat. Kali Uchis)","Golden Child Recordings",119,-1,47,"65555"
170,"spotify:track:14SaZBTjxlorHJQxXh01Hu","Summer Walker, Drake","Girls Need Love (with Drake) - Remix","LVRN/Interscope Records",43,166,196,"65488"
171,"spotify:track:3F5CgOj3wFlRv51JsHbxhe","Drake, 21 Savage","Jimmy Cooks (feat. 21 Savage)","OVO",1,155,82,"65169"
172,"spotify:track:5hrEIx4k6mAMErcsMwKQwQ","Nkosazana Daughter, Master KG, Lowsheen, Murumba Pitch","Amaphutha (feat. Murumba Pitch)","Nkosazana Daughter",49,184,18,"65160"
173,"spotify:track:4fxwbUSI6jF4XdnvCUVG97","Elaine","You're the One","Columbia",12,-1,93,"65095"
174,"spotify:track:0IJJ5q4ZkmC4kJvkF1HNIe","Appel","Foute","Warner Music Africa",102,175,35,"65038"
175,"spotify:track:4pxH1dqKimocSU5kaA4GYp","De Mthuda, Da Muziqal Chef, Kwiish SA, Eemoh","iThuba","Universal Music (Pty) Ltd.",38,142,31,"64850"
176,"spotify:track:6T7FXSuXykeGktMLGp8WgE","Lil Durk, J. Cole","All My Life (feat. J. Cole)","Alamo",2,167,38,"64772"
177,"spotify:track:58U4cZWldyeSO9PzX9Fbso","Demi Lee Moore","Hart Breek","Warner Music Africa",78,138,9,"64627"
178,"spotify:track:1m2xMsxbtxv21Brome189p","Joe","I Wanna Know","Jive",178,179,2,"64595"
179,"spotify:track:6oEVnWKgPqIEPc53OYDNqG","H.E.R., Bryson Tiller","Could've Been (feat. Bryson Tiller)","MBK Entertainment/RCA Records",77,191,67,"64573"
180,"spotify:track:4KW1lqgSr8TKrvBII0Brf8","Kanye West","Father Stretch My Hands Pt. 1","Rock The World/IDJ/Kanye LP7",166,176,7,"64120"
181,"spotify:track:0LMwmV37RCmBO2so0szAFs","Kygo, Ava Max","Whatever","Kygo/RCA Records",181,-1,1,"63958"
182,"spotify:track:6kpBqGQXKvLUhlTsVtQwSV","Sanele Jama","Mama Ngikhethile","Sanny Jama",178,178,3,"63754"
183,"spotify:track:6I3mqTwhRpn34SLVafSH7G","Justin Bieber","Ghost","RBMG/Def Jam",21,195,113,"63730"
184,"spotify:track:2eAvDnpXP5W0cVtiI0PUxV","Ruth B.","Dandelions","Columbia",56,186,102,"63692"
185,"spotify:track:7jtQIBanIiJOMS6RyCx6jZ","Tom Odell","Another Love","ITNO/Columbia",45,177,94,"63507"
186,"spotify:track:5YbPxJwPfrj7uswNwoF1pJ","Burna Boy","Last Last","Spaceship/ Bad Habit/Atlantic Records",1,182,90,"63419"
187,"spotify:track:2dHHgzDwk4BJdRwy9uXhTO","Metro Boomin, The Weeknd, 21 Savage","Creepin' (with The Weeknd & 21 Savage)","Republic Records",2,163,60,"63216"
188,"spotify:track:6u378lxN4C0eUnx7ns9Epg","Nicki Minaj","Are You Gone Already","Republic Records",12,122,8,"63211"
189,"spotify:track:4PkzeTYPMBXdjhEW6RsbPt","Mr Thela, Njelic","Kwandonga Ziyaduma","Tronics Land",50,190,11,"63141"
190,"spotify:track:1vcWFclg5NPEi5Xvrws9kl","Makhadzi Entertainment, Babethe Gashoazen","Mapara (feat. Babethe Gashoazen)","Makhadzi Entertainment",91,-1,3,"63048"
191,"spotify:track:60Z2UUVW3R0oeWCLi4Y3aK","Shebeshxt, Naqua SA, Buddy Sax, Bayor 97, Zoli White Smoke, Smeazy","Ambulance","The Royal Media House Group",58,-1,8,"63043"
192,"spotify:track:5U6zQqXCVZokE7UH4kdAB1","MÖRDA, Oscar Mbo, Murumba Pitch","Mohigan Sun","Asante Music (PTY)Ltd",36,192,51,"62983"
193,"spotify:track:3XVBdLihbNbxUwZosxcGuJ","Alicia Keys","If I Ain't Got You","J Records",167,173,15,"62867"
194,"spotify:track:3wszhvnFWgMXzYGJVQweII","Da Gifto, Brandon Dhludhlu","Ingelosi","DHF Records",134,169,3,"62801"
195,"spotify:track:5c6ZeX7Kh4Uu1NDbd7HOnm","Kabza De Small, Mthunzi","Isibusiso","Piano Hub",60,183,13,"62619"
196,"spotify:track:1zbUPXvrhPgjuO5ZFvN75z","Chris Steyn","Helemal","Warner Music Africa",149,164,8,"62594"
197,"spotify:track:6n3HGiq4v35D6eFOSwqYuo","Drake","Teenage Fever","Cash Money Records/Young Money Ent./Universal Rec.",70,199,94,"62348"
198,"spotify:track:6PGoSes0D9eUDeeAafB2As","Kendrick Lamar, Zacari","LOVE. FEAT. ZACARI.","Aftermath",74,188,69,"62346"
199,"spotify:track:4tqcoej1zPvwePZCzuAjJd","J. Cole","Wet Dreamz","Roc Nation Records LLC",91,196,92,"61841"
200,"spotify:track:0vh5lU98VL7MzfD7rOArYJ","Kelvin Momo, Cnethemba Gonelo","Amanxeba (feat. Cnethemba Gonelo)","Kelvin Momo Productions",34,148,8,"61611"
